{
  "providers": [
    {
      "type": "bitmap",
      "file": "cf:font/tags.png",
      "ascent": 9,
      "height": 64,
      "chars": [
        "\u0030\u0031\u0032\u0033",
        "\u0034\u0035\u0036\u0037",
        "\u0038\u0039\u003a\u003b",
        "\u003c\u003d\u003e\u003f"
      ]
    },
    {
      "type": "space",
      "advances": {
        " ": 4,
        "\u0030": 33,
        "\u0031": 30,
        "\u0032": 23,
        "\u0033": 39,
        "\u0034": 23,
        "\u0035": 37,
        "\u0036": 27,
        "\u0037": 17
      }
    }
  ]
}
